id,name,published_at,alternate_url,type,employer,department,area,experience,key_skills,schedule,employment,description,salary_from,salary_to
98711725,Data Scientist,2024-05-11T21:42:24+0300,https://hh.ru/vacancy/98711725,Открытая,ИЦ АЙ-ТЕКО,,Москва,От 1 года до 3 лет,[],Удаленная работа,Полная занятость,"КОМПАНИЯ «АЙ-ТЕКО»- ведущий российский системный интегратор и поставщик информационных технологий для корпоративных заказчиков. Активно действует на рынке IT России с 1997 года, входит в ТОП-400 крупнейших российских компаний, ТОП-10 крупнейших IT-компаний России.ТРЕБОВАНИЯ:   отличные теоретические знания в ML/ DL; опыт дообучения текстовых трансформеров (BERT/ GPT/ T5/LLM); опыт построения моделей на численных данных и нетекстовых последовательностях (LSTM/ RNN/ transformer); опыт работы с промышленным данными и вывода в продакшен; уверенное владение PyTorch и библиотеками для ML/DL задач; знание SQL.ЧТО МЫ ПРЕДЛАГАЕМ: Работу в аккредитованной ИТ-компании, белую заработную плату; График работы 5/2, удаленный формат работы; Оформление в соответствии с ТК РФ с первого дня рабочего дня Работу в команде, использующей гибкий подход к разработке; Мы заботимся о здоровье наших сотрудников: предоставляем корпоративные скидки на посещение фитнес-клубов, ДМС с первого месяца работы.ОТКЛИКАЙСЯ =) ЖДУ КОГДА ВМЕСТЕ ПОРАДУЕМСЯ ТВОЕМУ ОФФЕРУ)P.S. ФОРМАТ РАБОТЫ - УДАЛЕНКА, ГИБРИД ИЛИ ОФИС. ",,
98682024,Data Scientist,2024-05-10T15:57:53+0300,https://hh.ru/vacancy/98682024,Открытая,Arbuz Group (Арбуз Груп),,Алматы,От 3 до 6 лет,[],Полный день,Полная занятость,"Кто мы Arbuz.kz/Pinemelon.com — международный онлайн-супермаркет с ассортиментом 20 тыс. товаров и доставкой в 1-2 часовые слоты. Фокус на качественных продуктах питания и отличном сервисе. Работаем в Казахстане (Алматы, Астана). С 2022 года начали продажи в Денвере, США под брендом Pinemelon.com С 2018 года растем каждый год в 5 раз по обороту. Команда — опытные предприниматели и менеджеры с такими проектами как Тикетон, Авиата, Nfactorial. Пишем собственные IT продукты — WMS (система управления складом), маршрутизацию, сайт/приложения и рекомендательные системы. Зачем тебе к нам   Влиять на развитие Arbuz.kz. Мы — продуктовая компания. Если у тебя есть идеи по развитию, можешь предлагать их и внедрять. В отличии от больших компаний у нас намного мньше согласований, проекты не отменяются. Работаем быстро и дружно;   Быстрые и частые релизы, ты будешь видеть результаты своей работы. Мы на таком этапе развития, когда выкатываем много MVP и проверяем большие гипотезы, а не полируем мелкие фичи;   Принимать стратегические решения по технологии и архитектуре;   Выбрать направление, в котором ты хочешь развиваться;   Будешь бок о бок работать с основателями и понимать как принимаются бизнес решения.   Наши требования   Опыт от 5 лет на аналогичной должности в агентствах и консалтинговых фирмах, занимающиеся исследованием рынка, в продуктовых компаниях, которые сами разрабатывают ПО;   Высшее техническое или экономическое образование;   Знание Power BI, Python, SQL (уметь писать запросы и проектировать реляционные базы данных), Machine Learning, Data Visualization, Tableau, JavaScript &amp; D3, R, Git;   Умение написать и оформить грамотное письмо, аналитическую записку, отчёт по исследованию;   Уметь строить хранилище данных (DWH) и автоматизацию ETL;   Умение находить общий язык с разнопрофильными коллегами, включая категорийных менеджеров, закупщиков и разработчиков;   Критическое и системное мышление;   Умение рассчитывать нагрузку и прогнозировать срок выполнения своей работы;   Знание английского на уровне upper-intermediate, знание казахского языка.   Чем ты будешь заниматься   Проактивный расчёт и анализ показателей цифровых продуктов для лучшего понимания клиентов;   Обеспечение продакт-менеджеров и других внутренних клиентов данными для гипотез по улучшению показателей;   Анализ причин и прогнозирование изменений показателей;   Содействие продуктовым командам в проектировании, сопровождении и интерпретации результатов АБ-тестов;   Подготовка аналитических записок и отчётов, выполнение разовых и регулярных статистических расчётов и анализа;   Поддержка и развитие системы отчётности и дэшбордов, развитие BI-процессов компании;   Сотрудничество с инженерами по направлению разработки хранилища данных и повышению качества расчёта показателей;   Участие в разработке методик расчёта показателей;   Обучение других аналитиков, определение и контроль качества поставляемых результатов.   Что мы за это предлагаем   Конкурентная зарплата;   Оплату профильных курсов, участие в конференциях;   Работа по Agile;   Интересная и сильная команда;   По-настоящему интересные задачи которые напрямую влияют на физический мир;   Первые 3 месяца работа в офисе, дальше гибридный график;  Офис в центре города. ",,
96123771,Data-science-специалист,2024-05-09T16:35:27+0300,https://hh.ru/vacancy/96123771,Открытая,Национальная тендерная компания,,Москва,Нет опыта,"['Python', 'SQL', 'Анализ данных', 'Работа с большим объемом информации', 'Базы данных', 'Аналитическое мышление', 'Работа с базами данных', 'Математическая статистика']",Удаленная работа,Частичная занятость,"O2 Trading - ищем, проверяем, внедряем, масштабируем устойчивые алготрейдинг модели на крипторынке.Создаём комфортное пространство для реализации талантов и способностей лучших аналитиков, математиков, data science специалистов и специалистов по машинному обучению. Задачи: Создание моделей для входа/выхода в сделки на основе ранее разработанных нашей компанией алгоритмовСоздание новых алгоритмов для определения prepump/predump-ситуацийРесёрч в различных направлениях на крипторынкеГенерировать точки выхода из сделок на основе наших точек входа Требования: Обязателен аналитический склад ума;Знание основ машинного обучения;Владение python;Умение работать с СУБД;SQL будет плюсомУмение работать с временными рядамиВысокий уровень hard-skills Условия: Формат работы: удаленноГибкий график работыПроектная занятостьЗаработная плата: по договоренности    ",40000.0,100000.0
98524677,Data Scientist,2024-05-10T09:57:34+0300,https://hh.ru/vacancy/98524677,Открытая,СКБ ЛАБ,,Екатеринбург,От 1 года до 3 лет,"['Python', 'Аналитическое мышление', 'Математическая статистика']",Гибкий график,Полная занятость,"UPD: Мы знаем, что в это непростое время всё нестабильно, кроме того, что работа и подбор в СКБ ЛАБ продолжается! Более того, мы продолжаем трудоустраивать и адаптировать сотрудников к новым проектам, но сейчас делаем это дистанционно! СКБ ЛАБ - это передовой IT-проект. Он создан для разработки абсолютно нового интернет-банка и мобильных приложений для него, как для физических, так и для юридических лиц. Если говорить про философию работы, то мы применяем agile подходы. Исходя из этого, можно сказать, что мы гибкие - у каждого есть возможность влиять на принятие решений в проектах! Вся команда, вместе с руководством, находится в офисе в Екатеринбурге, что, несомненно, влияет на скорость принятия решений, и отсутствие бюрократии. Чего мы ожидаем от вас:  Знание математической статистики и теории вероятностей. Знание методов и алгоритмов анализа данных и машинного обучения. Опыт практического применения машинного обучения. Отличное знание библиотек Python по статистике и машинному обучению. Опыт сбора обучающих выборок из любых источников данных. Понимание необходимого размера выборок под задачу. Умение проверять гипотезы.     Будет плюсом, если ты:  Понимаешь asyncio и асинхронные фреймворки. Знаешь PostgreSQL, умеешь писать SQL запросы, умеешь пользоваться ORM. Знаком с использованием RabbitMQ, Redis и Kafka в Python. Используешь аннотации типов и пишешь тесты к коду на автомате. Умеешь запускать приложения в Docker. Умеешь планировать свою работу и нести ответственность за результат.  Что предлагаем:  Уровень дохода зависит от ваших навыков и технических знаний. Премии, не только по итогам года Возможность развить &quot;профессиональную мускулатуру&quot;, работая вместе с профессионалами. Познакомиться с лучшими практиками. Возможность участвовать в развитии, предлагать идеи и технологии. Участие в мероприятиях для профессионального развития. Тренинги, учебные курсы. Удобное рабочее место с современной техникой. Компенсация занятий спортом. Оплата паркинга для автолюбителей, и Е-карта для пешеходов. Отличный офис с великолепным панорамным видом на город, кухней (фрукты, плюшки, чай, кофе прилагаются - как без глюкозы?;)) и зонами релакса. Велопарковка, душ, кикер, аэрохоккей, боксёрская груша и гимнастический станок. Отлаженные процессы. Минимум бюрократии. Лояльный график рабочего дня.  Мы ценим:  Тех, кто не боится ответственности. Тех, кто работает на результат. Тех, кто не требует микроменеджмента и постоянного менторства. Тех, кто сказал, что все будет готово в пятницу, и финишировал в четверг вечером. Тех, кто готов делиться своим опытом.  Ждем Вас в нашем офисе! Обсудим больше подробностей.",,
98480740,Стажер Data scientist/MLE,2024-05-09T15:34:24+0300,https://hh.ru/vacancy/98480740,Открытая,Автомакон,,Москва,Нет опыта,[],Удаленная работа,Стажировка,"В течение 14 лет мы искали и находили опытных специалистов, а сейчас готовы помочь начинающим построить карьеру в IT. Мы запустили программу стажировки для Data scientist’ов. Стажировка позволит вам освоить новую профессию и получить работу у нас при успешном прохождении. Наша программа стажировки — конкурс, в течение 2-х месяцев которого будет проходить отбор кандидатов на дальнейшее трудоустройство и плодотворное сотрудничество. Стажеру предстоит освоить большой объем информации, решать учебные задачи,, чтобы подтвердить свой уровень и попасть в команду «Автомакона». Обучение затронет Изучение Clean Architecture, основы работы с Linux и другие темы, в том числе прогнозирование временных рядов и прочее. Преимущества стажировки в «Автомакон»:  личный опытный наставник, который поможет в любых ситуациях и окажет консультационную поддержку; наставники — эксперты с большим опытом решения бизнес-задач; удаленный формат обучения; возможность трудоустройства в компанию для работы с известными клиентами; возможность совмещать с основной учебой; возможность освоить новую профессию всего за 2 месяца.  Требования к стажерам:   знание Python на базовом уровне и библиотек для анализа данных (Pandas, NumPy, scikit-learn, XGBoost/LightGBM/Catboost);   знание SQL на базовом уровне обязательно;   понимание, как устроены классические ML алгоритмы, их ключевые особенности и ограничения;   знания в области теории вероятностей и математической статистики;   самодисциплина и самообучаемость;   проактивность и нестандартное мышление (креативность в поиске решений поставленных задач);   развитые коммуникативные навыки (умение докопаться до сути проблемы). Этапы отбора на стажировку:  Прохождение вводного тестирования (после отклика на вакансию сервис автоматически переадресует на страницу с тестом). Связь с успешными кандидатами. Собеседование с HR-специалистом компании. Собеседование с Руководителем направлению по обучению дата аналитиков и решение задач. Итоговое отборочное задание для прохождения на стажировку (кейс).  Подай заявку на стажерскую программу «Автомакон» прямо сейчас! Не упусти возможность стать профессионалом и помогать клиентам строить технологическое будущее!",,25000.0
98670038,Data scientist,2024-05-10T08:01:23+0300,https://hh.ru/vacancy/98670038,Открытая,АКБ Тенге Банк,,Ташкент,От 3 до 6 лет,[],Полный день,Полная занятость,"Обязанности:  мониторинг и анализ данных по розничным программам кредитования; построение отчетов - управленческих и по запроcам руководства и заинтересованных подразделений, визуализация данных (SQL, Postgre SQL, Phyton, Power BI) (для работы со скорингом); разработка стратегий, моделей машинного обучения в системе принятий решений, внесение изменений и доработка (Linux, Java) (для работы со скорингом); участие в тестировании доработок в IТ-системах банка (для работы со скорингом); разработка, мониторинг моделей принятия решений, а также иных моделей, связанных с кредитованием и анализом кредитного портфеля.  Требования:  высшее техническое, математическое, экономическое или финансовое образование; опыт работы в ИТ (для работы со скорингом), банковской или финансово-экономической сфере не менее 2-х лет; желательно знание и опыт в области математического и статистического анализа; желательно знание принципов статистических методов моделирования; желательно знание кредитных процессов и риск-моделей, критериев их качества и валидации; желательно обладать навыками в области Data Science - поиска, обработки (PL/SQL, Postgre SQL) и визуализации данных (для работы со скорингом); обладать базовыми знаниями программирования и алгоритмизации;  знание Законов и других нормативных актов, регулирующих банковскую, в частности кредитную деятельность;   Условия:   работа в дочернем Банке АО «Народный банк Казахстана»;   график работы 5/2 с 9.00 до 18.00 в современном офисе;   официальное оформление по ТК;   достойный уровень оплаты труда.  ",,
97637856,"Senior Data Scientist, FinTech",2024-05-10T15:43:51+0300,https://hh.ru/vacancy/97637856,Открытая,РЕСТАДВАЙЗЕР,,Москва,От 3 до 6 лет,"['Python', 'PyTorch', 'ML', 'NN', 'Quants', 'trading', 'Stock market', 'Hedge Fund']",Удаленная работа,Полная занятость,"РЕСТАДВАЙЗЕР. Компания с опытом более 9 лет и с успешно реализованными проектами на базе нейронных сетей, ML/DL и NLP.Ключевой FinTech проект– квантовый Хедж Фонд. На сегодняшний день мы имеем двухлетний успешный опыт торговли ML моделями на финансовых инструментах. Мы ищем талантливого Data Scientist в текущую команду. Не важно, что у тебя нет опыта в трейдинге, важен твой опыт в NN.Твоим ментором будет опытный идеолог-Data Scientist, который создал и запустил ряд успешно торгующих стратегий в нашем проекте.У тебя появится доступ к бесценным практическим знаниям и тонкостям ML торговли и возможность реально влиять на развитие проекта.Плюс к этому ты получаешь:– отсутствие бюрократии– вовлеченную, нацеленную на результат команду– удаленную работу– достойную оценку твоего труда и вклада– преимущество стать востребованным специалистом в трендовой области ФинТеха Что будешь делать: – Реализовывать различные нейросети в готовом фреймворке– Проводить эксперименты по улучшению показателей существующих торговых моделей– Проводить исследования новых методов и концепций применения нейросетей в торговле на фондовом рынке– Анализировать полученные результаты и формулировать выводы– Создавать отчеты по проведённым исследованиям– Изучать литературу, предлагать дальнейшие направления исследованийМы обеспечим тебя всей инфраструктурой и бэктестом, собственной разработки, для тестирования гипотез. Необходимые компетенции:- Python, PyTorch, Optuna,- опыт работы с числовыми рядами, semi-supervised learning,- GitLab, JiraNDA, оформление по ГПХ (ИП, самозанятый).Рассматриваем кандидатов только уровня Middle+ и выше.",300000.0,
97697014,Data Scientist (Junior/Middle),2024-05-11T10:28:19+0300,https://hh.ru/vacancy/97697014,Открытая,ARK,,Москва,От 1 года до 3 лет,"['Python', 'numpy', 'pandas', 'scipy', 'statsmodels', 'Excel', 'PowerPoint']",Полный день,Полная занятость,"Вам предстоит работать с основными игроками FMCG рынка и помогать решать бизнес задачи клиентов с помощью аналитических решений. Данная позиция подразумевает работу с большими данными, разработку новых продуктов, развитие текущего портфеля решений в рамках аналитического отдела. Основные обязанности:  Анализ больших данных с помощью регрессионных моделей, A-B тестирования, решения задач кластеризации Создание excel отчетов Участие в подготовке презентаций для клиентов Взаимодействие с коллегами из других аналитических отделов Участие в аналитических проектах совместно с другими отделами    Основные требования:  Образование: бакалавр, мастер, специалист в ведущих российских ВУЗах по специальности математика, физика, экономика (с сильным уклоном в математику и мат. статистику) Уверенные знания в областях: линейная алгебра, статистика, методы оптимизации, теория вероятности Английский: upper-intermediate и выше; Tools: увереннные знание Python; уверенные знания Excel and PowerPoint Хорошие коммуникативные навыки, аналитичесикие способности, ориентированность на результат    ​​​​​​​Необходимый стэк:  Numpy (хорошее знание numpy.linalg), pandas scipy (особенно занание scipy. minimize/optimize, scipy.sparse) statsmodels или linearmodels (особенно знания типы var-cov матриц, рег. спецификаций и методы их диагностики)    Желательно:  xgboost (понимание назначения разных типов loss function, constraint функций и partial dependence) tensorflow_probability (понимание как работает Monte Carlo Markov Chain)    Условия:   аккредитованная it-компания   процесс обмена знаниями и рост в команде   гибридный режим работы, комфортный офис в центре Москвы   график работы 5/2   интересные и нетривиальные задачи   дружный коллектив  ",,
98011196,NLP Инженер / Data Science / LLM / DS / Deep Learning,2024-05-11T17:10:56+0300,https://hh.ru/vacancy/98011196,Открытая,Nexpanse,,Москва,От 1 года до 3 лет,"['Python', 'Natural Language Processing', 'NLP', 'LLM', 'Big Data', 'Анализ данных', 'Математическая статистика', 'SQL', 'MongoDB', 'Machine Learning', 'AWS', 'Deep Learning']",Удаленная работа,Полная занятость,"Компания Nexpanse создает мобильные B2C продукты на базе generative AI технологий. Мы ищем NLP инженера, который будет работать на внутренними LLM-моделями.   Что нужно делать  Разрабатывать LLM-модели (оценка качества, обертка в langchain, дообучение, тестирование) Мониторить и оценивать качество новых open-source моделей с huggingface/github Оптимизировать и дообучать внутренние LLM-модели Смотреть на общую картину продукта, понимать потребности пользователей Повышать глубину чатов через prompt-инжениринг Разработка алгоритмов кластеризации и тематического моделирования диалогов    Требования:  2+ лет опыта работы в области науки о данных и/или машинного обучения, с опытом внедрения эффективных решений Уверенное владение Python и библиотеками для машинного обучения и обработки данных (например, TensorFlow, PyTorch, Keras, Scikit-learn, Pandas, NumPy) Опыт улучшения LLM моделей Профильное образование    Будет плюсом  Опыт дообучения open-source моделей (Mistral/Vicuna/Llama) Знание методов оптимизации высокой нагрузки Умение упрощать и улучшать сложные алгоритмы    Преимущества:  100% удаленная работа Компенсация расходов на фитнес Юридическая помощь в релокации Конкурентоспособная заработная плата Прозрачная система мотивации, ориентированная на результат Перспективы карьерного роста Работа над международными проектами Внутренняя система наставничества ",100000.0,
96056333,Data Scientist,2024-05-12T08:33:12+0300,https://hh.ru/vacancy/96056333,Открытая,билайн,"билайн: ИТ, Data, Digital",Москва,От 3 до 6 лет,"['Python', 'Spark', 'Hadoop', 'Hive', 'Airflow', 'Docker', 'k8s', 'MLFlow', 'ClickHouse', 'Git', 'Atlassian Jira', 'Confluence']",Полный день,Полная занятость,"Мы ищем ML-разработчика, который будет развивать сервис предиктивной платформы в билайн, чтобы предвосхищать ожидания пользователей. Вы сможете влиять на продукт и бизнес, разбираться в различных аспектах ML с помощью опытных коллег и работать в команде, объединённой общими ценностями и общей целью. Итак, тебе предстоит:   Решать задачи бизнеса с помощью анализа данных и машинного обучения;   Проводить поиск, выгрузку, статистический анализ и обработку данных;   Строить и валидировать модели машинного обучения   Участвовать во внедрении DS-решений в бизнес-процессы  Развивать и поддерживать полный цикл разработки DS/ML-продуктов - от постановки задачи до выведения моделей в production.  Мы будем рады рассмотреть твою кандидатуру, если у тебя есть:  Опыт работы в роли Data Scientist от 4 лет; Уверенное владение Python и основными ML-библиотеками; Хорошее понимание принципов работы ML-алгоритмов, опыт их применения на практике; Навыки работы с SQL или Spark (можете с их помощью самостоятельно собрать и обработать данные); Опыт работы с инструментами экосистемы Hadoop (hive, spark) или готовность их быстро освоить; Знание основ статистики (понимание, что такое p-value, и умение проверять статистические гипотезы); Умение переложить бизнес-задачу на язык анализа данных, подобрать соответствующий алгоритм с учетом требований и ограничений, интерпретировать результат; Готовность общаться с бизнесом и отвечать end-to-end за задачу;  Будет плюсом если:  - имеете опыт построения моделей предсказательного типа; - был опыт разработки REST-API.   Наш стек:   Python, Spark, Hadoop, Hive, Airflow, Docker, k8s, MLFlow, ClickHouse; Git, Jira, Confluence.  Что мы предлагаем:   Трудоустройство в аккредитованную ИТ-компанию; Возможность работать дистанционно на территории РФ; Сильную команду из топовых ВУЗов, с которой можно расти; Свободу в принятии решений, возможность влиять на процесс и результат; Развитое внутреннее DS/DA комьюнити (100+ человек) с регулярными митапами и встречами по обмену опытом; Ежегодный процесс ревью; Десятки Пбайт разнообразных данных - от классических табличных до гео, графов, кликстримов, текстов и картинок; Развитую MLOps инфраструктуру и процессы, мощный кластер с GPU; Внешнее и внутреннее обучение, участие в митапах и конференциях; Полис добровольного медицинского страхования, обслуживаемый в лучших клиниках; Корпоративные скидки на фитнес, обучение, путешествия и т.п; Служебную сотовую связь.     ",,
89237775,Data Scientist,2024-05-11T12:13:41+0300,https://hh.ru/vacancy/89237775,Открытая,Вкусно — и точка,,Москва,От 1 года до 3 лет,"['Python', 'ML', 'CI\\CD', 'СУБД', 'Linux']",Полный день,Полная занятость,"Основные задачи:  Работа с данными (очистка данных, исследование, feature engineering) Выдвижение и проверка гипотез Обсуждение задачи с бизнес заказчиками Разработка прогнозных моделей машинного обучения на основе табличных данных (прогноз продаж, прогноз кол-ва чеков, ценообразование) Проведение экспериментов, подбор метрик, валидация моделей и мониторинг их качества Доведение моделей до production (согласно CI\CD процессу) Дизайн и проведение A\B тестов  Наши пожелания к знаниям и опыту:   Опыт в ML от 2 лет   Понимание принципа работы основных алгоритмов классического ML (классификации, кластеризации, регрессии, временные ряды)   Уверенное владение основным стеком: python, catboost\lightgbm, sklearn, pandas, numpy   Навыки написания оптимальных sql запросов (оконные функции)   Умение писать хороший код на Python   Умеете строить и проверять гипотезы, объясняющие особенности в данных   Навыки ведения совместной разработки (gitlab, ci\cd)   Опыт работы с моделями временных рядов   Опыт работы с распределенными СУБД (Greenplum, Arenadata Db)   Опыт работы с airflow/mlflow/dvc   Опыт ведения документации своих проектов, ведение задач в таск-трекере   Опыт проведения A/B тестов   Опыт в рекомендательных системах   Опыт работы с Linux   Мы предлагаем:   Достойный уровень оплаты труда   Продвинутая система бенефитов (годовой бонус, ДМС, компенсация 80% ДМС для детей)   5-я дополнительная неделя отпуска после 3-го года работы   Профессиональное развитие и карьерный рост  Работа в масштабном бренде сферы быстрого обслуживания с уникальной историей. ",,
98684616,Senior Data Scientist (NLP/LLM),2024-05-10T18:07:16+0300,https://hh.ru/vacancy/98684616,Открытая,ФИНАМ,,Москва,От 3 до 6 лет,"['Математическая статистика', 'Machine Learning', 'Python', 'SQL', 'NLP', 'Llama2', 'LLM', 'Pytorch']",Полный день,Полная занятость,"Обязанности:  Разрабатывать ML-сервисы, связанные с обработкой естественного языка (классификация, суммаризация, NER, персонализация взаимодействия с абонентом). Разрабатывать и обучать NLP-модели для создания интеллектуальных ассистентов, умного поиска, извлечения инсайтов, суммаризации и классификации текстов Проводить эксперименты с большими языковыми моделями (Llama2, Falcon и др.) Разрабатывать классические модели машинного обучения на табличных данных (Spark, Catboost, LightGBM) Исследовать новые источники данных и алгоритмов с целью улучшения качества существующих моделей Защищать модели перед заказчиком, проводить валидацию и мониторинг метрик  Требования:  Глубокое понимание алгоритмов машинного обучения и опыт их применения в работе Знание математической статистики Python (pandas, sklearn, xgboost, lightgbm, matplotlib etc.) Отличное знание SQL Опыт работы с PostgreSQL Владение инструментами из стека Hadoop (Hive, Spark) Опыт работы с Git, Confluence Способность решения задачи от формулировки проблемы и сбора данных до написания работоспособного кода Глубокое понимание современных подходов в обработке текстовых данных (Transformers, LLM) Приветствуется знание и опыт проведения экспериментов с алгоритмами Reinforcement Learning. Уверенные знания в области Deep Learning, Pytorch  Будет плюсом:  Опыт проведения A/B-тестов Опыт разработки собственных глубоких нейросетей на pytorch Опыт работы с Docker Опыт работы с нереляционными БД Опыт работы с Kafka Успешное участие в соревнованиях по машинному обучению  Мы предлагаем:  Стабильную &quot;белую&quot; зарплату, оформление по ТК РФ, медицинская страховка (ДМС со стоматологией), «бонусы» за стаж работы Гибридный формат работы (2 дня в офисе, остальные дни - удалённо) в нашем офисе в Москве (в 3-ех минутах от ст. м. Тверская/Чеховская/Пушкинская) В офисе есть зона отдыха на крыше, кофе-пойнты, кухня, недорогое кафе и спортзал Посещение внешних конференций и профильных мероприятий, внутренние мит-апы и встречи профессиональных сообществ. Льготное кредитование от Банка Финам Скидки от компаний партнеров (театры\кино, фитнес и др.) Гибкие бизнес-процессы, минимум бюрократии и согласований Активная корпоративная жизнь – регулярные корпоративные мероприятия, футбольная и волейбольная команды, шахматный клуб. ",,
92607697,Data Scientist (NLP),2024-05-11T18:50:13+0300,https://hh.ru/vacancy/92607697,Открытая,Домклик,,Москва,От 1 года до 3 лет,"['Python', 'SQL', 'Atlassian Jira', 'Tensorflow', 'PyTorch']",Полный день,Полная занятость,"Задача Speech&amp;Text команды — развитие текстовых и речевых технологий Домклик. Мы улучшаем три крупных продукта — чат-бот (B2C), голосовой бот (B2C) и речевая аналитика (B2B). Боты помогают клиентам оперативно решить любой вопрос, связанный с недвижимостью без помощи человека, а речевая аналитика — улучшить внутренние процессы крупнейшего ипотечного процесса в России. Чем предстоит заниматься:  Поддержка и развитие проектов: чат-бот, голосовой бот, речевая аналитика Сбор данных (PostgreSQL, ClickHouse) и их обработка (Pandas, Numpy, PyMorphy, NLTK) Эксперименты с классическим ML/DL (бустинг, LSTM, регрессия) Разработка SOTA NLP решений (BERT/GPT-typed модели, GigaChat, Saiga) Активное участие в проработке архитектур моделей и ML System Design Моделирование и проведение A/B-тестов Совместная работа с продуктовой и dev командами Полный процесс разработки и сопровождение модели в прод (CI/CD)  Ожидания от кандидата:  Практический DS-опыт, с упором в NLP (от 2 лет) Знание NLP стека от tf-idf до LLM/Transformers Понимание основных алгоритмов машинного обучения Уверенное владение Python (ООП, Pandas, NumPy, SciPy, scikit-learn, PyTorch) Знание SQL Владение матаппаратом (линейная алгебра, мат. статистика, методы оптимизации)  Работа у нас — это:  полная ответственность за продукт: разработку, инфраструктуру, тестирование и релиз; мы используем современные технологии; практикуем continuous integration и continuous delivery; код в bitbucket, задачи в jira и т.д.; взрослый девопс, highload; понимающее IT-руководство, например, у нас есть квота 1 день в неделю на борьбу с тех. долгом/саморазвитие/рисеч/решение задач других команд; бизнес-руководство, нацеленное на результат; высокие темпы работы, разработанные решения очень быстро попадают в продакш  Мы предлагаем:  работу в аккредитованной IT компании; конкурентную заработную плату; полис ДМС с первого месяца работы; корпоративный университет, онлайн-курсы для повышения квалификации, конференции, митапы; фитнес-зал в здании офиса; льготную программу ипотеки для сотрудников; MacBook (или другой ноутбук на выбор) + дополнительные мониторы и т.д.; комфортный офис класса А в 5 минутах от станции метро и МЦК Кутузовская; гибкое начало рабочего дня и возможность работать в гибридном или удаленном формате. ",,
98482900,Data Scientist (middle) (DataLab),2024-05-09T15:56:46+0300,https://hh.ru/vacancy/98482900,Открытая,ARK,,Москва,От 1 года до 3 лет,"['SQL', 'ETL', 'Power BI', 'Yandex Cloud Platform']",Полный день,Полная занятость,"Открыта вакансия Data Scientist (DataLab) у наших партнеров - крупнейшей компании FMCG.Опыт и стаж работы: от 2-х лет коммерческого опыта дата-аналитики и создания моделей машинного обучения. Специальные навыки и знания:  Высшее образование и соответствующий опыт в области статистики, математики, информатики или смежных областях; Уверенное знание SQL, Python, алгоритмов машинного обучения и статистики; Опыт визуализации данных с использованием Power BI/ggplot/plotly/etc; Опыт использования облачных платформ (Azure ML, Google Cloud Platform ML, AWS SageMaker, Yandex Cloud Platform) для решения задач дата-аналитики и создания моделей машинного обучения; Опыт работы со стеком Yandex Cloud Platform (Data Proc, Data Sphere и т.д.) – будет плюсом; Опыт работы с GitLab или его аналогами; Высокие навыки коммуникации, решения проблем, стремление к обучению; Самостоятельность, высокая ответственность, а также готового преуспевать в развивающейся организации и привносить структуру в неструктурированные ситуации; Средний или выше среднего уровень знания английского языка (разговорный и письменный).  Обязанности искомого специалиста и ожидаемые результаты работы:  Работа с заинтересованными сторонами в рамках всей организации для определения возможностей использования данных компании для формирования и проверки гипотез, как результат - монетизации данных; E2E процесс проверки гипотез в Yandex Cloud Platform: проработка деталей решений с бизнесом, поиск и исследование данных, анализ данных, презентация результатов бизнес заказчикам; Представлять результаты моделирования для бизнес-аудитории, включая руководителей организации; Продвигать в организации использование разработанных внутри дата-продуктов с помощью презентаций, документации и совместной работы бизнес функций; Превращать неструктурированные недостатки и болевые точки в конкретные бизнес и технические требования для проверки гипотез или разработки дата-продуктов.  Условия:  Работа в команде профессионалов в одной из крупнейших FMCG компаний Официальное трудоустройство по ТК Полностью белая заработная плата График работы: пн-пт 10:00-19:00 МСК Место работы: любое, готовность работать по часовому поясу Москвы. В приоритете гибридно офис в Москве м. Сокол (не более 1го посещения офиса в неделю) ДМС ",,
97964429,Data Scientist,2024-05-11T08:33:29+0300,https://hh.ru/vacancy/97964429,Открытая,НУР Телеком,,Бишкек,От 1 года до 3 лет,"['Python', 'Machine Learning', 'Tableau', 'Автоматизация процессов', 'SQL', 'Статистический анализ', 'обработка данных']",Полный день,Полная занятость,"Предлагаем вам присоединиться к нашей команде профессионалов в области обработки и анализа данных. Вас ждут лучшие условия труда и опыт международного уровня в направлении Data Science. Участвуйте в уникальных для региона проектах и воплощайте свои амбиции в мире данных! Что нужно делать:  разрабатывать проекты ML, DL, CV, GeoData, NLP; разрабатывать визуализацию данных (на основе BI платформы Tableau); автоматизировать процессы компании; разрабатывать и тестировать новые методы обработки и анализа данных (Python + SQL + Tableau).  Мы ожидаем:  высшее образование (оконченное, либо на этапе дипломной работы); опыт (или академический опыт) разработки проектов в одном или нескольких направлений: Data Mining, Machine Learning, Deep Learning, NLP; опыт разработки на Python/R; грамотная устная и письменная речь; английский язык на уровне B1 и выше.  Будет плюсом:  наличие портфолио с готовыми проектами; самообразование в направлении обработки данных; опыт работы с *nix системами.  Мы предлагаем:  постоянный профессиональный рост; интересные современные задачи; лучший опыт по обработке, хранению и анализу данных в стране; комфортный зелёный офис в центре города; бесплатная мобильная связь; программа профессионального развития на 2,5 года вперед.  График работы: 5/2, с 9:00 до 18:00 ч. Кандидаты, соответствующие требованиям данной вакансии, будут приглашены на собеседование.",,
90568368,Data Scientist,2024-05-11T13:47:44+0300,https://hh.ru/vacancy/90568368,Открытая,ОКБ,,Москва,От 1 года до 3 лет,"['Python', 'SQL', 'PostgreSQL', 'Анализ данных', 'ORACLE', 'Git']",Полный день,Полная занятость,"Объединенное Кредитное Бюро – крупнейшее Бюро кредитных историй в России. Небольшой спойлер: мы не выдаем кредиты, мы храним и обрабатываем крупнейший в России массив данных о кредитных историях. Наш уникальный ресурс – самая большая база данных, в которой более 560 миллионов кредитных историй, и мы уделяем большое внимание не только количеству данных, но и качеству их обработки. Мы помогаем нашим частным клиентам контролировать свою кредитную историю и получать лучшие финансовые предложения, а компаниям – принимать взвешенные решения и оценивать риски на основе аналитики данных. Роль:  Построение и постоянное совершенствование аналитических механизмов, используемых в B2B продуктах ОКБ  Какие будут задачи:  Построение скоринговых (и не только) моделей, как общих, так и индивидуальных (модели PD, дохода, интереса, социальных графов, collection, approval, bankruptcy, recovery и пр.); Разработка новых переменных и правил; Проверка различных гипотез, связанных с будущими переменными и моделями; Внедрение моделей и мониторинг эффективности их работы; Написание документации о результатах моделирования и валидации; Проведение ретро-тестов по новым моделям и анализ результатов; Проверка целесообразности использования новых (внешних) источников данных в целях повышения качества моделей.  Наши ожидания:  Опыт работы не менее 2-х лет в области аналитики и моделирования; Отличное знание SQL и опыт работы с реляционными СУБД и корпоративными хранилищами данных (Oracle, MSSQL, PostgreSQL); Опыт разработки и внедрения алгоритмов обучения (регрессии, деревья решений, случайный лес, бустинги и пр.), знание их преимуществ, недостатков и ограничений; Уверенное знание Python (+ владение стандартным набором библиотек для анализа данных и машинного обучения: pandas, numpy, matplotlib, sklearn, xgb и пр.); Опыт работы с Git; Внимание к деталям, трепетное отношение к точности данных; всегда ищете аномалии в данных и умеете работать с ними; Упорство, способность проводить множество однотипных экспериментов с целью постепенного улучшения продукта.  Преимуществом будет:  Опыт работы в подразделениях риск-менеджмента или маркетинга банков, занимающихся моделированием на основе больших данных; Опыт разработки нестандартных моделей «с нуля», когда непонятно, как подступиться к решению задачи; Опыт написания ETL / построения витрин; Опыт backend разработки на python; Опыт работы с docker, airflow, grafana; Успешное участие в соревнованиях по машинному обучению.  Что мы предлагаем:  Достойную твоего профессионального уровня зарплату и годовой бонус; Комфортные условия труда: возможность работать из дома или из офиса в центре Москвы; Гибкий график: начало рабочего дня - с 8:00 до 11:00 - выбираете сами; Современную технику для комфортной работы; Заботу о здоровье: оформим полис ДМС со стоматологией, дадим 3 дополнительных дня к отпуску, компенсируем затраты на абонемент в зал; По-настоящему дружескую атмосферу: поддерживаем, когда вы приводите своих друзей, и выплачиваем реферальный бонус. ",,
95167648,Data science / Machine learning,2024-05-11T08:29:28+0300,https://hh.ru/vacancy/95167648,Открытая,СЖС Минск,,Минск,От 1 года до 3 лет,"['Machine Learning', 'Computer Vision', 'Artifical Intelligence', 'Data Science', 'Phyton', 'Deep Learning', 'SQL', 'Linux', 'PyTorch', 'Docker']",Гибкий график,Проектная работа,"SGS - крупная международная компания, мировой лидер в сфере инспекционных услуг, экспертизы, испытаний и сертификации. Наша дружная команда ищет Data science / Machine learning в отдел Innovation. Мы подбираем комфортный формат работы для каждого. Интересные таски над инновационными проектами для различных сфер, достойная оплата, отличные возможности для обучения и неограниченные перспективы карьерного роста.   Требования: - высшее техническое образование; - опыт коммерческой разработки по машинному обучению от 1-х года - опыт обучения и тестирования моделей классификации, детектирования, сегментации; - опыт оптимизации моделей (квантование, прунинг, дистилляция) и подготовки к продакшну; - практические навыки в компьютерном зрении; - опыт работы в направлении DS/ML не менее 2 лет; - понимание принципов ООП, возможность оценить качество разработанной архитектуры проекта; - командная работа, анализ и оценка сложности, стандарты кодирования, обзоры кода, лучшие практики, управление системой контроля версий и т.д. - знание лучших профессиональных практик на протяжении всего жизненного цикла разработки программного обеспечения. - хорошее знание Python (в том числе опыт работы с Python, ML или DL) - фреймворки и технологии: Tensorflow, Keras, TensorFlow light, Yolo, OpenCV, PyTorch, . - знание Docker и SQL; - хорошее понимание классических методов машинного обучения; - специфика ML: глубокое обучение и другие подмножества искусственного интеллекта обучение и настройка нейронных сетей, классификаторы, обработка сигналов, компьютерное зрение. Условия: - Работа в крупной стабильной компании; - Офис в центре города (район ст. м. Площадь Я. Коласа); - Комфортные условия труда; - Стабильная заработная плата (2 раза в месяц на карт-счет); - Дружный коллектив; - Обеспечение современной техникой для комфортной работы; - Формат работы – офис, гибрид. - Различный тип занятости;",,
97633428,Аналитик данных/Специалист по Power BI (data science),2024-05-10T15:04:07+0300,https://hh.ru/vacancy/97633428,Открытая,Multi Family Office,,Москва,От 1 года до 3 лет,"['data science', 'Power BI', 'Python']",Полный день,Полная занятость,"Мы команда компании Family Financial System - проект в сфере wealth-management, invest &amp; consulting. Мы помогаем инвесторам сформировать структуру управления собственным капиталом и приумножения собственных активов. Наши инвесторы по всему миру выстраивают принципиально новый стиль ведения бизнес-процессов и привлечения инвестиций, который меняет их lifestyle. В этом году мы активно расширяемся, поэтому нам нужен человек, который сможет грамотно выстроить систему управления базами данных и их автоматизацию.  ________________   Ключевые задачи:   Сбор и анализ данных   Поддержание актуальности данных в учетных записях инвесторов через взаимодействие с инвестиционными менеджерами   Управление и совершенствование дашбордов Power BI и баз данных, поддержание текущих (обновление, исправление ошибок)   Разработка моделей, автоматизация (+ возможна разработка программного кода)   Ваши компетенции:   Законченное профильное образование   Знание принципов построения и управления БД   Опыт работы с Power BI (и схожими BI-платформами)   Опыт проектирования аналитических моделей, дашбордов и отчетов   Опыт работы в сфере управления данными / разработки   Ключевое Преимущество: Знание языков программирования (Python), возможность работать с API   Преимущество: финансово-экономическое образование   Преимущество: опыт работы в финансовых организациях   Что мы предлагаем:   Удаленная работа из любой точки мира. Нам важен результат и долгосрочное сотрудничество   Достойный доход.   Гибкий график, но быть на связи 5/2 с 09:00 до 19:00 по МСК   Обучение и мягкая адаптация   Работа с высокотехнологичным и надежным продуктом в сфере финансов   Адекватное управление и теплый климат в коллективе   Причастность к быстро растущей компании в сфере wealth-management на глобальном рынке   Перспективы карьерного роста   !!Важные аспекты для старта коммуникации:   Вам интересна сфера wealth-management, invest &amp; consulting   Вы выполнили задание.   Если мы ищем именно Вас, то запросите небольшое Тестовое задание в чате Телеграм @ElenaV7 с указанием: &quot;Вакансия Специалист BI&quot;.До связи)!",,
94983164,Middle/Senior Data Scientist,2024-05-11T16:25:08+0300,https://hh.ru/vacancy/94983164,Открытая,JuicyScore,,Москва,От 3 до 6 лет,"['Python', 'SQL', 'Pandas', 'Data Analysis', 'Numpy']",Полный день,Полная занятость,"Кто мы? Мы — активно развивающаяся команда Финтех и IT-энтузиастов, предлагающая лучшие на рынке решения по противодействию мошенничеству и управлению рисками для онлайн-бизнеса финансовых институтов. Мы работаем на рынке с 2016 года, ведем бизнес в 35+ странах, наши клиенты — лидеры рынка в своих индустриях. Наш продукт полностью проприетарный, построен на фундаменте из высоко-нагруженных систем обработки данных, инжиниринга данных и предиктивной аналитики. В нашу дружную, кросс-функциональную и распределенную команду мы ищем талантливого и инициативного эксперта по анализу и инженирингу данных. Ты будешь участвовать в развитии нашего технологического продукта, поиска и инженеринга новых полезных и интересных &quot;фич&quot;, построении разнообразных моделей для наших клиентов, анализе различных клиентских кейсов. Обязанности:​​​​  Исследование и инжиниринг новых атрибутов и &quot;фич&quot; для развития нашего скорингового продукта; Проектирование новых атрибутов продукта для повышения его информативности; Моделирование различных клиентских кейсов, создание кастомных моделей под финансовые институты по всему миру.  Требования:  BA/MA в математике, экономике, финансах Опыт работы в DS не менее 3 лет, опыт на позиции middle/senior DS не менее 2 лет; Знание принципов обработки данных в продуктивных (и высоконагруженных !) онлайн систем; практический опыт в data engineering; Знание на продвинутом уровне популярных ML-алгоритмов: Random Forest, Gradient Boosting и умение их реализации с помощью инструментария Python/R/SQL; Владение на продвинутом уровне инструментарием для анализа данных и построения моделей - Python/R, опыт работы с библиотеками для обработки и анализа данных (Numpy, Pandas, etc); Практический опыт реализации и внедрения различных продуктов на базе DS (моделей оценки риска, прогнозирования, отклика); Ответственность, умение автономно работать, качественное выполнение задач (анализ и подготовка данных, разработка, отладка и запуск модели), хорошие коммуникативные навыки; Английский не ниже intermediate.  Мы предлагаем:   работу в аккредитованной ИТ-компании;   интересный и востребованный продукт;   компенсацию медрасходов с первого месяца работы;   поддержку обучения и развития (компенсация онлайн-курсов для повышения квалификации, конференций, митапов);   работу на самом современном ПО (MacBook);   бонусы и премии по результатам работы;   комфортный офис в центре Москвы (гибрид или удаленный формат работы для кандидатов из других городов).  ",200000.0,
98556951,Team Lead Data Scientist (RecSys),2024-05-10T15:42:00+0300,https://hh.ru/vacancy/98556951,Открытая,Медиапоинт,,Москва,От 3 до 6 лет,"['ML', 'Big Data', 'Python', 'pyTorch', 'Git', 'RecSys', 'SQL', 'Машинное обучение', 'Разработка']",Полный день,Полная занятость,"В международную компанию с собственной digital-платформой игровой тематики требуется Senior Data Scientist (Рекомендации).Чем предстоит заниматься:  Руководить командой из 3-х человек. Разрабатывать real-time ML-based сервисы. Создавать модели для персонализации того, что еще не персонализировано. Перекладывать бизнес-задачи на язык математики и валидировать результаты через A/B тесты. Разрабатывать ML-модели — задачи классификации, регрессии, ранжирования. Исследовать данные (поиск инсайтов, закономерностей, проблем с данными). Подготавливать метрики, дашборды, алерты по результатам работы моделей и бизнеса. Анализировать результаты работы моделей (оценка метрик, причин и т.д.).  Требования:  Умение работать с данными (анализ, очистка, подготовка, отбор и создание признаков). Уверенное владение Python (классический аналитический стек + ML) и SQL (у нас ClickHouse). Коммерческий опыт в DS от 3 лет. Опыт работы c ML: Scikit-learn, CatBoost/XGBoost, PyTorch или TensorFlow. Понимание жизненного цикла ML-моделей. Опыт разработки микросервисов на Python. Будет плюсом:  Продуктовый опыт решения NLP задач.  Условия:  Возможность полностью работать удаленно из любой точки мира или в офисе (Москва, Кипр) для желающих поработать в формате коворкинга или с закрепленным рабочим местом Оформление в штат компании и не только Возможность получать зарплату в любой валюте Плавающее начало дня, 8 часов рабочий день Выдача оборудования для работы Программа наставничества Performance review, на котором мы поможем тебе выстроить цели Разнообразные корпоративные программы: английский, мастер-классы, развлечения и отдых ",,
97153850,ML Engineer / Data Scientist,2024-05-10T20:36:04+0300,https://hh.ru/vacancy/97153850,Открытая,ГК ФСК,,Москва,От 1 года до 3 лет,"['Python', 'PyTorch', 'ML', 'Docker', 'NLP', 'Pandas', 'SQL', 'Data Science', 'Machine Learning', 'Deep Learning']",Полный день,Полная занятость,"О компании и команде: Группа компаний ФСК – многопрофильная вертикально-интегрированная девелоперская компания. В структуру ГК входят крупные промышленные и высокотехнологичные предприятия, а также лидеры монолитного и индустриального домостроения.В 2023 году ГК ФСК снова подтвердила статус одного из лучших работодателей страны, заняв 1 место среди компаний отрасли и лидирующие позиции в топ-10 в категории «золото» рейтинга делового издания Forbes.В 2023 году ГК ФСК также попала в рейтинг портала HeadHunter. Компания вошла в топ-100 лучших работодателей страны и в топ-10 среди компаний сферы строительства и недвижимости, обосновавшись на 6 месте. Вакансия открыта в IT-департаменте ГК ФСК.Мы новоиспеченный отдел, помогающий бизнесу применять ML в релевантных областях. Широкий бэклог задач: динамическое ценообразование, оптимизация сроков сдачи проектов, OCR документов, речевая аналитика и другое. Стек: Python, SQL, Linux, Git, Docker ✅Обязанности:• Опыт в ML от двух лет;• Знание основ мат. статистики;• Понимание принципа работы основных алгоритмов классического ML;• Опыт работы с табличными данными;• Опыт решения задач регрессии, кластеризации, классификации;• Опыт работы с xgboost/catboost/lightgbm. Будет плюсом:• Проведение A/B тестов;• Самостоятельно выведенные в прод проекты с нуля;• Опыт в соревнованиях по машинному обучению;• Высшее профильное образование.Почему стоит работать с нами:  Можно выбрать формат работы: в офисе класса А (в Москве находится на Арбате, БЦ «Мидланд Плаза»), в гибридном режиме или удаленно; Конкурентный доход (обсуждается на финальном собеседовании); В ГК ФСК входят аккредитованные IT-компании, есть возможность трудоустройства и получения всех льгот IT-специалистов; Официальное оформление по ТК РФ; Комфортный график работы 5/2 с 09:30 до 18:00; ДМС со стоматологией после прохождения испытательного срока, возможность консультации у корпоративных психологов; Корпоративное и индивидуальное обучение, возможность участия в конференциях и широкий доступ к материалам, корпоративный учебный портал и библиотека; Культура наставничества от Центров компетенций: мы поддерживаем и обучаем новых сотрудников, решаем все вопросы совместно; Насыщенная корпоративная жизнь, развитая сеть внутренних комьюнити: можно обмениваться опытом с коллегами, участвовать в марафонах или книжном клубе, в благотворительных акциях и других активностях; Дополнительные бонусы: скидки на абонементы в фитнес-клубы, партнерские предложения и скидки в сетях отелей, банках и др.; Программы лояльности и скидки для сотрудников на квартиры и апартаменты в проектах ГК ФСК.Мы будем рады видеть вас в нашей команде! ",,
95707799,Аналитик / Data scientist,2024-05-09T13:03:16+0300,https://hh.ru/vacancy/95707799,Открытая,ЭКОПСИ Консалтинг,,Москва,От 1 года до 3 лет,[],Полный день,Полная занятость,"ЭКОПСИ Консалтинг – лидер рынка управленческого и HR-консалтинга в России. У нас работают люди, возглавляющие списки самых авторитетных и востребованных экспертов в области управления персоналом в стране.Наши клиенты – компании из ТОП-100 РБК, 9 из 10 крупнейших компаний России, а также лидеры отраслей Украины, Казахстана и других стран. Мы команда HR-Консалтинга ЭКОПСИ. За ограниченное количество времени мы можем найти ответ на любой вопрос в категории “Как управлять персоналом?”, который наш клиент может применить уже завтра.Сейчас мы ищем себе в команду единомышленника, желающего развиваться в области анализа данных. Для нас аналитик - это тот, кто:  готов по локоть влезать в клиентские данные и приводить их в приемлемый вид; умеет (или готов учиться) переводить с человеческого языка на математический, а потом объяснять консультантам, что он там посчитал; может рассказать яркую историю по результатам анализа; хорошо знает математику и владеет основами статистики; использует в своей работе язык программирования Python или R (желательно); не боится большой концентрации людей с горящими глазами и безумными идеями.  Что мы можем тебе предложить:  В ЭКОПСИ ты проживаешь пять лет профессиональной жизни за один год: за 365 дней мы помогаем стать лучше более, чем 500 компаниям; Здесь ты сможешь помогать компаниям развиваться. У тебя будет возможность услышать клиента и подобрать для него максимально полезное решение; Ты делаешь проекты, учишься решать нетривиальные задачи - и всё это в команде с признанными экспертами консалтинга в РФ; У нас нет начальников, которые спускают задачи. Ты можешь самостоятельно выбирать то, что тебе интересно, на нашем разнообразном внутреннем рынке труда; У нас есть наставники, которые помогают развиваться и ориентироваться в многообразии проектов и задач; Мы предоставляем реальную возможность проявить инициативу. Ты можешь делать свои проекты, возглавлять их, брать на себя большую ответственность; Нам неважно, где и сколько ты работаешь. Важен результат, которого ты достигаешь.  Как будет проходить отбор:  Отправь нам своё резюме; Реши тестовое задание; Прими участие в собеседовании с командой; Пройди интервью с руководителем направления. ",,
90479493,Data Scientist (CoreML + RecSys),2024-05-09T11:41:04+0300,https://hh.ru/vacancy/90479493,Открытая,Домклик,,Москва,От 1 года до 3 лет,"['Python', 'SQL', 'PyTorch', 'Математическая статистика', 'Keras']",Удаленная работа,Полная занятость,"Domclick.ru - единственный в России продукт, обеспечивающий полный цикл операций с недвижимостью. Доступен на всех популярных платформах (Web, iOS, Android). Решаем любые вопросы с недвижимостью, делая сложное простым, с заботой о каждом клиенте. Мы ищем единомышленников, чтобы вместе помогать людям исполнять мечту о собственном жилье. Чем предстоит заниматься:Команда занимается разработкой рекомендательных систем для всех сервисов компании и участвует в разработке новой платформы, в которой клиент сможет получать услуги по своим объектами недвижимости - от регулярного клининга до большого ремонта.Задача нового направления: выстроить персонализированный сервис для пользователей с помощью рекомендаций на сайте и последующих коммуникаций по целевым услугам.Необходимо будет пройти шаги от триггерных сценариев на основе аналитики до сложных моделей рекомендаций и выявления интересов пользователей к конкретным продуктам. От вас мы ожидаем:  Опыт полного цикла решения ML задач: от аналитики до вывода моделей в пром (от 2 лет); Отличные знания Python, SQL, классического ML-стека и соответствующих ему библиотек; Базовая математическая (линейная алгебра, теорвер, матстаты) и алгоритмическая (алгоритмы, структуры данных) подготовка; Желание погружаться в бизнес-процессы, предлагать и проверять гипотезы для улучшения целевых метрик.  Будут плюсом:  Опыт запуска пилотов, проведения A/B тестов и понимание теоретических основ ; Интерес и практический опыт в области рекомендательных систем; Владение одним из DL-фреймворком и реализованные NLP/CV/RecSys-проекты; Высшее образование в топ вузе; Успешный опыт участия в соревнованиях; Опыт работы с docker, airflow, clickhouse; Опыт написания unit-тестов, разработки архитектуры и code review.  Мы предлагаем:  работу в аккредитованной IT компании; конкурентную заработную плату; полис ДМС с первого месяца работы; современную технику для работы; корпоративный университет, онлайн-курсы для повышения квалификации, конференции, митапы; фитнес-зал в здании офиса; льготную программу ипотеки для сотрудников; комфортный офис класса А в 5 минутах от станции метро и МЦК Кутузовская; гибкое начало рабочего дня и возможность работать в гибридном или удаленном формате. ",,
98137311,Data Scientist,2024-05-11T15:35:38+0300,https://hh.ru/vacancy/98137311,Открытая,STARTRIBE LTD,,Сербия,От 3 до 6 лет,[],Полный день,Полная занятость,"Присоединяйтесь к нашей международной компании, воплощающей надежные и передовые IT-решения для сегментов B2C и B2B! Мы ищем талантливого Data Scientist, готового принимать вызовы и преображать данные в ценные инсайты. Ваша миссия:  Анализ целей бизнеса, метрик и алгоритмов машинного обучения, а также доступных и необходимых данных. Формулирование и проверка гипотез. Выделение признаков из данных для применения алгоритмов машинного обучения (Feature Engineering). Создание предиктивных моделей. Планирование и анализ A/B тестирования моделей в продакшн. Разработка необходимых компонентов для ML-пайплайнов. Ведение документации с описанием алгоритмов и моделей, с соответствующим анализом.  Ваши навыки:  Уверенное владение Python. Опыт работы в IT продуктовых компаниях. Опыт работы с библиотеками и фреймворками Data Science, такими как pandas, sklearn, scipy, matplotlib, catboost и др. Знание основ статистического анализа и его применение. Опыт проведения A/B тестирования. Понимание классических методов и алгоритмов машинного обучения, с опытом их применения на практике. Базовые навыки SQL запросов. Опыт работы с Git и Docker.  Будет плюсом:  Опыт работы с MLflow / KubeFlow / ClearML. Знание GitLab CI/CD. Опыт работы с Airflow / Argo. Работа с различными базами данных и создание витрин.  Мы предлагаем:  Конкурентную заработную плату, соответствующую вашему уровню навыков и ожиданиям. Помощь с релокацией в Сербию. Интересные задачи, перспективные проекты и передовые технологии. Работу в креативной и дружной русскоязычной команде.  Мы верим в современный подход к управлению процессами и временем, где ваше мнение имеет значение, и вместе мы можем воплощать самые амбициозные идеи! Присоединяйтесь к нам и станьте частью нашей вдохновляющей команды!",,
98186253,Data Science/Data-сайнтист,2024-05-10T18:45:21+0300,https://hh.ru/vacancy/98186253,Открытая,АЛЬФА-БАНК,,Минск,От 3 до 6 лет,"['Machine Learning', 'NLP', 'Data Science', 'Машинное обучение', 'Computer Vision Engineer', 'Machine Learning Engineer', 'Researcher', 'Research Engineer', 'Python', 'SQL', 'Lotus Domino', 'IBM Lotus Notes', 'Cognos']",Полный день,Полная занятость,"Присоединяйся к команде в роли Data-сайнтиста! Задачи:  проведение аудита процесса создания и управления моделями по направлениям деятельности банка; осуществление верификации существующих финансовых, скоринговых, предсказательных и других моделей по компонентам; определение проблемных областей, ошибки моделей; использование и внедрение передовых методов автоматизированной обработки данных; взаимодействие со структурными подразделениями Банка по вопросам анализа данных и машинного обучения.  Пожелания к кандидатам:  Windows, пакетом прикладных программ Microsoft Office, SQL и Python; Lotus Domino/Notes (электронная почта, система документооборота), IBM Cognos; практические навыки анализа больших данных; построения моделей; знание передовых методов и алгоритмов машинного обучения и умение применять их на практике.   ",,
98482855,Data Scientist (middle),2024-05-09T15:56:16+0300,https://hh.ru/vacancy/98482855,Открытая,ARK,,Москва,От 3 до 6 лет,"['SQL', 'Python', 'Yandex Cloud Platform', 'Airflow', 'Docker', 'Kubernetes', 'Power BI']",Полный день,Полная занятость,"Открыта вакансия Data Scientist (middle) (DataProd) у наших партнеров - крупнейшей компании FMCG.Опыт и стаж работы: от 3-х лет коммерческого опыта дата-аналитики и создания моделей машинного обучения. Специальные навыки и знания:  Высшее образование и соответствующий опыт в области статистики, математики, информатики или смежных областях; Уверенное знание SQL, Python, алгоритмов машинного обучения и статистики; Подтвержденный опыт создания пайплайнов машинного обучения, работающих в продуктивной среде разработки (обучение, оценка, мониторинг и т.д.); Опыт использования облачных платформ (Azure ML, Google Cloud Platform ML, AWS SageMaker, Yandex Cloud Platform) и запуска моделей машинного обучения в продуктивной среде; Опыт работы со стеком Yandex Cloud Platform (Data Proc, Data Sphere и т.д.) – будет плюсом; Понимание и опыт (в том числе в pet-проектах) построения рекомендательных систем. Умение подобрать и обосновать нужные метрики для задачи рекомендации; Опыт использования GitLab или его аналогов; Опыт работы с Airflow/Docker/Kubernetes или их аналогами; Опыт инференса моделей в MLFlow/Triton или аналогах; Опыт работы с фреймворками глубокого обучения Tensorflow/PyTorch; Опыт визуализации данных с использованием Power BI/ggplot/plotly/ – будет плюсом; Высокие навыки коммуникации, решения проблем, стремление к обучению; Самостоятельность, высокая ответственность, а также готовность преуспевать в развивающейся организации и привносить структуру в неструктурированные ситуации; Средний или выше среднего уровень знания английского языка (разговорный и письменный).  Обязанности искомого специалиста и ожидаемые результаты работы:  Работа с заинтересованными сторонами в рамках всей организации для определения возможностей использования данных компании для разработки дата-продуктов и монетизации данных; E2E процесс запуска дата-продуктов в Yandex Cloud Platform: проработка деталей решений с бизнесом, проектирование архитектуры, разработка / рефакторинг модели, разворачивание, мониторинг производительности и точности, развитие и доработки; Перенос дата-продуктов из Microsoft Azure в Yandex Cloud Platform; Представлять результаты моделирования для бизнес-аудитории, включая руководителей организации; Продвигать в организации использование разработанных внутри дата-продуктов с помощью презентаций, документации и совместной работы бизнес функций; Превращать неструктурированные недостатки и болевые точки в конкретные бизнес и технические требования для проверки гипотез или разработки дата-продуктов.  Условия:  Работа в команде профессионалов в одной из крупнейших FMCG компаний Официальное трудоустройство по ТК Полностью белая заработная плата График работы: пн-пт 10:00-19:00 МСК Место работы: любое, готовность работать по часовому поясу Москвы. В приоритете гибридно офис в Москве м. Сокол (не более 1го посещения офиса в неделю) ДМС ",,
97622322,Data Scientist,2024-05-10T13:24:12+0300,https://hh.ru/vacancy/97622322,Открытая,Gravity Field,,Москва,От 3 до 6 лет,[],Полный день,Полная занятость,"Gravity Field (https://gravityfield.ai/) — b2b SaaS-платформа для крупных e-commerce, fintech, telecom, QSR компаний. Платформа AI-персонализации пользовательского опыта, сочетающая в управление большими данными, продвинутую сегментацию пользователей, рекомендательные алгоритмы, инструменты А/В-тестирования, расширенную аналитику и предиктивные модели. Наши клиенты используют Gravity Field для увеличения выручки через улучшение пользовательского опыта на основе AI/ML. Наша ценность состоит в полнофункциональной и постоянно развивающейся платформе, а также сильной экспертизе команды консультантов и аналитиков. Gravity Field используют такие известные компании как МТС, Вкусно и Точка, Gloria Jeans, Технопарк, Эльдорадо, ЦУМ, Askona, Впрок, Simplewine и др.   Что вы будете делать:   Разрабатывать и внедрять рекомендательные алгоритмы как составную часть b2b SaaS продукта;   Управлять жизненным циклом ML моделей (автоматизация, оптимизация, переобучение/обновление);   Выводить модели в продакшн;   Инициировать и запускать R&amp;D проекты на основе запросов клиентов и продуктового роудмэпа.   Стек технологий:   Python, Spark, MongoDB, Clickhouse, Redis, Kafka, Aerospike, ElasticSearch.   Для организации работы: Jira, Notion, Gitlab, Slack.   Кого мы ищем:   Опыт в области анализа данных и машинного обучения (от 2 лет)   Опыт работы с SQL, Python, PySpark   Опыт работы Scikit-learn/XGBoost, PyTorch,   Опыт работы с MLFlow/Airflow   Рабочие кейсы с использованием PyTorch   Опыт Production ML   Опыт работы и понимание основ Рекомендательных систем   Опыт в сфере Martech, Adtech будет большим плюсом;   Английский язык на уровне технического чтения и профессионального общения.   Что мы предлагаем:   Работу в аккредитованной ИТ-компании;   Свободу и доверие - гибкий график работы, гибридный график с ориентацией на результат, а не на потраченное время;   Потенциал роста в профессиональной команде с международными амбициями и глобальными партнерами;   Компенсация расходов на обучение, конференции и атмосферу личностного развития в быстрорастущей компании;   Возможности оказать реальное влияние на бизнес компании и успех клиентов;   Уютный офис компании в центре города (м. Белорусская, рядом с Депо) и возможность удаленной работы.      ",,
96747255,Data scientist (Персонализации),2024-05-11T17:58:45+0300,https://hh.ru/vacancy/96747255,Открытая,билайн,"билайн: ИТ, Data, Digital",Москва,От 1 года до 3 лет,[],Удаленная работа,Полная занятость,"Сегодня билайн — компания изменений, чутко реагирующая на потребности рынка и людей. А ещё билайн — это команда, объединённая общими ценностями и общей целью — быть лидером телеком и digital рынков, предоставляя нашим клиентам новейшие продукты и услуги, а также сервис самого высокого уровня.Сейчас у вас есть возможность присоединиться к лучшей команде Персонализации в роли Data Scientist!Итак, вам предстоит:Решение бизнес-задач с помощью анализа данных и машинного обученияРуководство, развитие и экспертная поддержка команды data scientistsСбор, статистический анализ и обработка данныхПостроение и валидация моделей машинного обученияРазвивать и поддерживать полный цикл разработки DS/ML-продуктов - от постановки задачи до выведения моделей в production. Мы будем рады рассмотреть вашу кандидатуру, если у вас есть:Опыт работы в роли Data Scientist от 2 лет.Уверенное владение Python и основными ML-библиотеками.Хорошее понимание принципов работы ML-алгоритмов, опыт их применения на практике.Навыки работы с SQL (можете с их помощью самостоятельно собрать и обработать данные).Знание основ статистики (понимание, что такое p-value, и умеение проверять статистические гипотезы).Готовность общаться с бизнесом и отвечать end-to-end за задачу.Наш стек:Python + ML libs (pandas, scikit-learn, catboost, pytorch).Hadoop (pyspark, hive, hdfs).MLFlow, Argo Workflows, Airflow, JupyterHub, K8s.Что мы предлагаем:  Трудоустройство в аккредитованную ИТ-компанию.Возможность работать дистанционно на территории РФ.Сильную команду из топовых ВУЗов, с которой можно расти.Свободу в принятии решений, возможность влиять на процесс и результат.Развитое внутреннее DS/DA комьюнити (100+ человек) с регулярными митапами и встречами по обмену опытом.Ежегодный процесс ревью.Десятки Пбайт разнообразных данных - от классических табличных до гео, графов, кликстримов, текстов и картинок.Развитую MLOps инфраструктуру и процессы, мощный кластер с GPU.Внешнее и внутреннее обучение, участие в митапах и конференциях.Полис добровольного медицинского страхования, обслуживаемый в лучших клиниках.Корпоративные скидки на фитнес, обучение, путешествия и т.п.Служебную сотовую связь.",,
94633270,Data Scientist (Scoring),2024-05-11T18:13:33+0300,https://hh.ru/vacancy/94633270,Открытая,билайн,билайн,Москва,От 1 года до 3 лет,[],Удаленная работа,Полная занятость,"В команду скоринга Beeline Business ищем Data Scientist способного не только решать поставленные задачи, но и привносить в продукт новые идеи. В нашей команде вы будете работать под руководством ментора, получать четко сформулированные задачи и почти безграничные возможности для реализации своего таланта, а вместе с ними профессиональный и карьерный рост. Итак, тебе предстоит:  Развитие классических скоринговых моделей; · Построение предиктивных моделей для задач B2C и B2B кредитования, страхования и e-commerce; Создание современных решений для задач предотвращения мошенничества; · Разработка моделей fraud prevention; Поиск новых и применение актуальных методов для улучшения широкого круга задач; · ML-research в области NLP, анализа графов и нейронных сетей; Внедрение разработок в продуктив; · Усовершенствование пайплайнов и оптимизация расчетов на кластере; У нас только клиентоориентированные задачи - работы в стол у нас нет.  Мы будем рады рассмотреть твою кандидатуру, если у тебя есть:  Успешный профессиональный опыт работы в DS и ML более 2 лет; · Опыт построения моделей с помощью классического ML-стека; · Любовь к Python, ООП и структурам данных; · Навыки работы с (py)Spark, Уверенные знания SQL, теории вероятности и статистики; · Кейсы с применением собственных методик в анализе данных и построении моделей на табличных данных; · Хорошие отношения с Git, Jira, Confluence.  Будет супер, если при тебе также имеются: ·  Опыт использования MLFlow; · Опыт работы с фреймворками для анализа графов: networkx, GraphX; · Опыт работы с графовыми БД neo4j или nebula; · Опыт в применении нейронных сетей  Что мы предлагаем  Возможность дистанционной работы на территории РФCплоченную команду профессионалов, в которой можно не только успешно реализовывать проекты, но и перенимать опыт и развиваться; Обучение, участие в интересных проектах и расширение профессиональной экспертизы: мы участвуем в конференциях, митапах и публикуемся на Хабр и т.д.; Конструктивную и открытую рабочую атмосферу; Полис добровольного медицинского страхования, обслуживаемый в лучших клиниках; Корпоративные скидки на фитнес, обучение, путешествия и т.п.; Служебную сотовую связь. ",,
95101827,Data scientist (скоринг),2024-05-09T15:05:35+0300,https://hh.ru/vacancy/95101827,Открытая,билайн,"билайн: ИТ, Data, Digital",Москва,От 1 года до 3 лет,"['SQL', 'Python', 'Hadoop', 'Spark', 'PySpark', 'MLFlow']",Полный день,Полная занятость,"В команду скоринга Beeline Business ищем Data Scientist способного не только решать поставленные задачи, но и привносить в продукт новые идеи. В нашей команде вы будете работать под руководством ментора, получать четко сформулированные задачи и почти безграничные возможности для реализации своего таланта, а вместе с ними профессиональный и карьерный рост. Итак, тебе предстоит:  Развитие классических скоринговых моделей; построение предиктивных моделей для задач B2C и B2B кредитования, страхования и e-commerce; создание современных решений для задач предотвращения мошенничества; разработка моделей fraud prevention; поиск новых и применение актуальных методов для улучшения широкого круга задач; ML-research в области NLP, анализа графов и нейронных сетей; внедрение разработок в продуктив; усовершенствование пайплайнов и оптимизация расчетов на кластере; у нас только клиентоориентированные задачи - работы в стол у нас нет.  Мы будем рады рассмотреть твою кандидатуру, если у тебя есть:  Успешный профессиональный опыт работы в финтех индустрии не менее 1 года, или стаж в DS и ML более 2 лет; опыт построения моделей с помощью классического ML-стека; любовь к Python, ООП и структурам данных; навыки работы с (py)Spark, уверенные знания SQL, теории вероятности и статистики; кейсы с применением собственных методик в анализе данных и построении моделей на табличных данных; хорошие отношения с Git, Jira, Confluence; опыт использования MLFlow; опыт работы с фреймворками для анализа графов: networkx, GraphX; опыт работы с графовыми БД neo4j или nebula; опыт в применении нейронных сетей.  Что мы предлагаем:   Сплоченную команду профессионалов, в которой можно не только успешно реализовывать проекты, но и перенимать опыт и развиваться; обучение, участие в интересных проектах и расширение профессиональной экспертизы: мы участвуем в конференциях, митапах, публикуемся на Хабр и т.д.; конструктивную и открытую рабочую атмосферу; полис добровольного медицинского страхования, обслуживаемый в лучших клиниках. Корпоративные скидки на фитнес, обучение, путешествия и т.п.; служебную сотовую связь. ",,
98079234,Старший аналитик данных / Data Scientist,2024-05-09T15:05:51+0300,https://hh.ru/vacancy/98079234,Открытая,БалтТрансСервис,,Санкт-Петербург,От 3 до 6 лет,[],Полный день,Полная занятость,"БалтТрансСервис - один из крупнейших частных перевозчиков нефтеналивных грузов с 25-летним стажем на рынке России и СНГ. А также команда, в которой ценится &quot;живое&quot; общение, обмен идеями и работа на общий результат. Мы расширяем отдел маркетинга. Один из вызовов отдела - создание прогностической модели, которая поможет бизнесу принимать решения в реальном времени. Кроме того, у нас много других задач на исследование внешней среды и производственных показателей. Мы ищем опытного коллегу, который способен оперативно и точно анализировать крупные объемы данных, выявлять закономерности и аномалии в больших массивах информации. Если ты владеешь навыками обучения нейронных сетей на различных датафреймах и считаешь, что один дашборд может заменить тысячу слов, то мы ждем именно тебя. Укажите ссылку GitHub в резюме или сопроводительном письме. Так мы быстрей сможем принять решение и поделиться обратной связью с вами.   Обязанности:  Сбор, очистка, анализ и интерпретация данных; Создание и оптимизация прогностических моделей с использованием статистических методов и машинного обучения; Разработка автоматизированных отчетов и дашбордов; Проведение аналитических исследований рынка и операционной деятельности компании; Предоставление рекомендаций на основе анализа; Оказание аналитической поддержки по бизнес-аналитике функциональным подразделениям компании; Постоянное совершенствование процессов сбора, анализа и хранения данных;  Требования:  Опыт работы с анализом данных и созданием прогностических моделей 3-5 лет; Знание и опыт работы с SQL и Python; Опыт работы с инструментами визуализации данных; Практический опыт аналитической работы и преобразования данных в бизнес-решения; Высшее образование в области информационных технологий, статистики, математики, экономики или смежных областях; Опыт работы в сфере транспортной логистики или железнодорожных перевозок;  Условия:  Стабильная работа в одной из крупнейших транспортно-логистических компаний; Официальное оформление; Современный, комфортный офис класса А; Конкурентная заработная плата + квартальные премии;. Добровольное медицинское страхование со стоматологией. Возможность профессионального развития и карьерного роста. Участие в корпоративных программах (обучение, корпоративные мероприятия). ",,
97422676,Data Scientist Middle MLE,2024-05-10T12:54:30+0300,https://hh.ru/vacancy/97422676,Открытая,Автомакон,,Москва,От 1 года до 3 лет,"['Python', 'MySQL', 'SQL', 'ML', 'Pandas', 'Numpy']",Удаленная работа,Полная занятость,"Обязанности:  Собирать данные из DWH; Экспериментировать с моделями, фичами, описывать эксперименты во внутренней документации; Деплоить модели в продакшн; Проводить мониторинг, поддерживать модели и дорабатывать при необходимости; Изучать академический и индустриальный опыт.  Требования:  Python (numpy, scipy, pandas, sklearn, catboost, pytorch); SQL (Clickhouse, PostgreSQL); Понимание, как устроены классические ML и DL алгоритмы; Знания в области теории вероятностей и математической статистики (интервальные и точечные оценки, проверка гипотез, байесовский подход); Опыт работы с временными рядами; Опыт проведения A/B тестов; Опыт работы в ML от 1,5 лет.  Условия:  Удаленно удобный график 5/2 ",150000.0,300000.0
97337798,"Senior Data Scientist, Remote",2024-05-09T14:52:10+0300,https://hh.ru/vacancy/97337798,Открытая,Fundraise Up,,Тбилиси,Более 6 лет,"['SQL', 'Анализ данных', 'A/B тесты', 'LTV prediction', 'RecSys', 'Ulift modeling', 'Churn prediction']",Удаленная работа,Полная занятость,"Мы делаем фандрайзинговую платформу Fundraise Up. Это самый удобный и быстрый способ пожертвовать деньги в пользу некоммерческого фонда. Мы изобретаем способы ускорить загрузку, увеличить конверсию, принять оплату разными способами и т.д. Каждый месяц люди со всего мира донатят десятки миллионов долларов через нашу платформу. Крупнейшие некоммерческие организации мира используют наше решение чтобы собирать деньги. Например, UNICEF, самый известный международный фонд ООН, делает весь онлайн-фандрайзинг на нашей платформе. Аналогично поступают Барак Обама, Ассоциация изучения Альцгеймера и многие другие. Наш рейтинг на самой популярной платформе для отзывов — 4.9 из 5. Мы работаем в энтерпрайз-сегменте. Наши клиенты находятся по всему миру, но основная концентрация приходится на США, Канаду, Великобританию и Австралию. Продукт Продукт, который мы делаем — большой и сложный. Он состоит из нескольких частей: чекаут и виджеты (каждый из них, это небольшое SPA), порталы для донора, организации и партнеров, админка и еще несколько приложений. Команда В компании работает 180 человек. В офисе в Нью-Йорке маркетинг, продажи, онбординг и саппорт. Удаленно мы принимаем продуктовые решения, делаем дизайн и разработку. Продуктовая команда маленькая и в этом кайф — у нас нет «незначительных» задач. Все что мы делаем — важно. Команда сильная и в этом отдельный кайф — всегда интересно быть в окружении крутых людей, которые делятся опытом. Кого ищем  Есть опыт решения задач в одной и более областей из:   RecSys; Ulift modeling; Churn prediction; LTV prediction; Forecasting.   Умение проводить A/B тестирование моделей в production;  Владение MLOps инструментами для сервинга и мониторинга моделей;   Хорошее знание SQL;   Уровень английского языка не ниже Intermediate.   Супер-важно уметь соблюдать все виды договоренностей. Пара важных вещей  Позиция предполагает релокацию из РФ и РБ. При желании вы можете воспользоваться нашей программой релокации, которая распространяется на Европу, Сербию и Грузию. Мы работаем удаленно, но с 9 до 18 часов по CET. В это время мы интенсивно созваниваемся и много обсуждаем.  Формальный список того, что нужно делать   Полный цикл обработки данных (EDA, сбор и очистка данных, feature engineering и т.д.),   Решение задач регрессии, кластеризации, классификации,   Разработка и реализация моделей машинного обучения,   Доведение моделей до Production.   Зачем мы вам  Мы строим сильную команду людей с горящими глазами. У каждого свой опыт, которым он охотно делится. У нас нет ветвистой иерархии, все люди доступны на расстоянии zoom-звонка. В компании открыта почти вся финансовая статистика, мы регулярно рассказываем как устроен продукт, продажи, саппорт, откуда появляются клиенты и деньги, что интересного случилось и т.д. Мы верим в долгие отношения и выдаем разработчикам сток-опции. Компания хорошо растет — только за прошлый год мы вырастили метрики в два раза.  Бонусы Нам важно чтобы работая удаленно, вы чувствовали себя комфортно. Обычно мы отправляем сотрудникам Macbook и нужное число мониторов. Если ваше рабочее место не обустроено, то пришлем стол, удобное кресло и все что нужно для продуктивной работы.Полностью оплачиваем необходимое ПО, книги и коворкинг, если не хотите работать из дома. Помогаем с оплатой спортзала и бассейна, курсов английского и любого профильного образования.Раз в год собираемся всей командой в оффлайне. В 2021 мы арендовали огромную виллу на Кипре, в 2022 встречались в отеле под Тбилиси, а в 2023 устроили недельный выезд на 60 человек на курорт в Турции. В следующем году будет что-то новое :-) Дополнительные инструкции Напишите в отклике пару слов о своем опыте и о том, чем вас привлекла вакансия.  ",,
92213157,Lead Data Science,2024-05-09T14:58:14+0300,https://hh.ru/vacancy/92213157,Открытая,Медиапоинт,,Москва,От 3 до 6 лет,[],Удаленная работа,Полная занятость,"Медиапоинт – международный провайдер высокотехнологичных решений в индустрии онлайн-развлечений. В настоящий момент мы в поиске Head of Data Science. Обязанности:  Работа с большими данными, выбор и предобработка признаков, проверка гипотез с целью выявления мошеннических схем; Развитие аналитической культуры в отделе; Формализация моделей поведения для применения в антифрод-системе; Автоматизация процессов поиска и предотвращения мошенничества; Участие в оперировании и модернизации внутренней антифрод-системы компании; Сбор и контроль продуктовых метрик; Руководство командой, декомпозиция задач; Участие в найме и обучении команды.  Требования:  Знание SQL и опыт работы с реляционными базами данных; Знание особенностей реализации различных алгоритмов и структур данных; Опыт работы с Python не менее 3 лет; Опыт руководства командой; Опыт работы в сфере анализа данных от 5 лет; Опыт end-to-end реализации production ML проектов (как преимущество).  Условия:  Удаленная работа, возможность работать из любой точки мира; Предлагаем релокацию на Кипр; Гибкий график работы (пн-пт с 9/11 до 18/20); Работа в международной компании с многолетним опытом работы в игровой сфере; Дружный и амбициозный интернациональный коллектив; Уровень заработной платы обсуждается на финальных этапах собеседования. ",,
97138497,Data scientist (middle+),2024-05-10T16:24:03+0300,https://hh.ru/vacancy/97138497,Открытая,МАГ Девелопмент,,Томск,От 3 до 6 лет,[],Удаленная работа,Полная занятость,"Мы ищем сильного единомышленника — исследователя данных, который примет участие в разработке новых продуктов.Работать можно дистанционно или в одном из наших основных офисов в Новосибирске (БЦ Речной вокзал) или Томске (Инструментальный 51а). Мы предлагаем:  Трудоустраиваем за день и только по ТК РФ; Полностью белую зарплату; ДМС после 3х месяцев работы; Регулярно повышаем зарплату с ростом скиллов и по результатам работы; Работу по гибкому графику, который вы выбираете сами; Формат работы на выбор: из дома или из офиса; Работу без KPI и тайм-трекингов; Современное рабочее место, кофемашины, плюшки; Полную оплату обучения; Компенсируем половину твоих трат на спорт; Стильный корпоративный мерч и библиотека; Корпоративное такси в холода или если засиделся в офисе.  Твои задачи - это:  Формулировать и проверять гипотезы на основе больших массивов данных; Разрабатывать алгоритмы и модели для оптимизации запасов, логистических процессов, предсказания спроса и др; Участвовать в различных проектах data science; Воплощать разработанные алгоритмы в жизнь компании.  Мы ожидаем, что у тебя есть:  Опыт работы с Big Data; Опыт подготовки и предобработки данных для проведения анализа; Хорошее знание математической статистики и теории вероятности; Знание основных методов и алгоритмов ML, уверенное знание Python; Опыт решенных задач с применением data science.   ",,
94975574,Senior Data scientist,2024-05-11T15:36:02+0300,https://hh.ru/vacancy/94975574,Открытая,AMarkets,,Москва,От 3 до 6 лет,[],Полный день,Полная занятость,"Fintech компания AMarkets с 2007 года предоставляет передовые решения для торговли на финансовых рынках для трейдеров и инвесторов во всем мире. Мы строим глобальную компанию, конкурируем с мировыми игроками и, главное, получаем удовольствие, занимаясь любимым делом. В связи с ростом объема задач открыта новая позиция Senior Data scientist. Релокация в Черногорию, г. Подгорица Вы будете решать следующие задачи:   Разработка моделей прогнозирования и моделирования различных бизнес процессов   Сбор, валидация и анализ данных из корпоративных информационных систем;   Анализ исторических данных;   Построение алгоритмических математических моделей;   Разработка и обучение нейронных сетей;   Анализ и прогноз временных рядов;     Кластеризация и сегментация клиентской базы;   Выдвижение и проверка гипотез для улучшения ключевых| показателей эффективности бизнеса;   Разработка моделей скоринга клиентов;   Разработка новых показателей (метрики, KPI);     Требования:   Опыт работы в финтех- индустрии, брокерских, букмекерских компаниях или игорной индустрии   Высшее образование в таких предметных областях, как: математика, финансы или экономика, информатика, физика, инженерия или аналогичные   Исследовательский склад ума: быть глубоким мыслителем, творческим человеком, настойчивым, умным, инициативным, внимательным к деталям и т. д.;   Критическое мышление и способность находить нестандартные подходы;   Уверенное пользование инструментами BI аналитики, а также знание MySQL, Google Big Query, Python, Hadoop, Git;   Английский язык: B2     Условия:     Мы предлагаем релокацию в европейское подразделение компании, комфортабельный офис, отличный климат и условия проживания, переезд и легализация за счет компании    Программа бенефитов после 1 года работы в компании   ДМС, программа лояльности  В обмен на светлую голову и золотые руки мы предлагаем конкурентную заработную плату в USD.  Амбициозные задачи   Сплоченная команда профессиональных единомышленников - конкретно знаем чего хотим и готовы сопровождать на всех этапах.  ",,
97825857,Data Scientist (CVM),2024-05-09T15:39:39+0300,https://hh.ru/vacancy/97825857,Открытая,билайн,"билайн: ИТ, Data, Digital",Москва,От 3 до 6 лет,[],Удаленная работа,Полная занятость,"Сегодня билайн — компания изменений, чутко реагирующая на потребности рынка и людей. А ещё билайн — это команда, объединённая общими ценностями и общей целью — быть лидером телеком и digital рынков, предоставляя нашим клиентам новейшие продукты и услуги, а также сервис самого высокого уровня. Сейчас у тебя есть возможность присоединиться к лучшей команде клиентской аналитики CVM в роли Data Scientist! У нас атмосфера стартапа, мы строим ML в сегменте Юридических Лиц. Примеры наших моделей: модели склонности к продуктам, разработка моделей в рамках NBA-стратегии, поиск и идентификация ЛПР, модели оттока по фиксированным услугам, модели оттока по мобильным услугам, сегментация компаний. В планах: прогноз выручки, ценообразование и скидки Итак, тебе предстоит:                Участие в построении процессов автоматизации получения данных для моделей                             Подготовка массивов данных для разработки предиктивных моделей                             Разработка и поддержка предиктивных моделей склонности к продукту/оттоку из активной базы                             Разработка отчетности по основным метрикам предиктивной способности моделей                             Использование алгоритмов машинного обучения для решения бизнес задач подразделения                             Взаимодействие с бизнес-заказчиками в части набора фичей и презентации результатов отработки модели                             Визуализация данных, полученных в результате применения алгоритмов машинного обучения               Развивать и поддерживать полный цикл разработки DS/ML-продуктов - от постановки задачи до выведения моделей в production.  Мы будем рады рассмотреть твою кандидатуру, если у тебя есть:  Опыт работы в роли Data Scientist от 2-3 лет. Уверенное владение Python и основными ML-библиотеками. Хорошее понимание принципов работы ML-алгоритмов, опыт их применения на практике. Навыки работы с SQL или Spark (можете с их помощью самостоятельно собрать и обработать данные). Знание основ статистики (понимание, что такое p-value, и умение проверять статистические гипотезы). Готовность общаться с бизнесом и отвечать end-to-end за задачу.  Будет плюсом, если ты:  Писал(а) production-код. Работал(а) с Hadoop или другими инструментами нашего стека.  Наш стек:  Python + ML libs (pandas, scikit-learn, catboost, pytorch). Hadoop (pyspark, hive, hdfs). MLFlow, Argo Workflows, Airflow, JupyterHub, K8s.  Что мы предлагаем:   Трудоустройство в аккредитованную ИТ-компанию Возможность работать дистанционно на территории РФ Сильную команду из топовых ВУЗов, с которой можно расти. Свободу в принятии решений, возможность влиять на процесс и результат. Развитое внутреннее DS/DA комьюнити (100+ человек) с регулярными митапами и встречами по обмену опытом. Ежегодный процесс ревью. Десятки Пбайт разнообразных данных - от классических табличных до гео, графов, кликстримов, текстов и картинок. Развитую MLOps инфраструктуру и процессы, мощный кластер с GPU. Внешнее и внутреннее обучение, участие в митапах и конференциях. Полис добровольного медицинского страхования, обслуживаемый в лучших клиниках. Корпоративные скидки на фитнес, обучение, путешествия и т.п. Служебную сотовую связь.   ",,
96984633,Senior data science engineer,2024-05-09T10:20:00+0300,https://hh.ru/vacancy/96984633,Открытая,Консалтика,,Москва,Более 6 лет,"['Python', 'Deep Learning', 'Алгоритмы и структуры данных', 'Pandas', 'Scikit-learn', 'Keras', 'ML']",Полный день,Полная занятость,"Консалтика – российская аккредитованная IT-компания, лидер по разработке решений в финансовой сфере для комплексной обработки событий и управления рисками с применением машинного интеллекта. На базе собственного отдела R&amp;D мы создали уникальную аналитическую платформу, которая вошла в топ-10 мирового рейтинга регуляторных технологий. Для российского рынка мы разрабатываем и внедряем программные решения в области: управления рисками, противодействия отмыванию денег, противодействия мошенничеству. Сейчас мы активно расширяемся и ищем в команду Data science engineer.   Обязанности:  Формирование прогрессирующей системы анализа данных на продукте AML и Antifraud; Создание новых и развитие текущих ML моделей с учетом потребностей бизнеса и стратегии развития продукта AML и Antifraud; Управление процессами проверки гипотез, проведения А/В тестирований; Внедрение ML моделей в продакшен.  Требования:  Опыт работы в должности Data Scientist от 5 лет; Навыки владения инструментами: Hadoop, Spark, Python, SQL; Знание и успешное применение основных библиотек, используемых для машинного обучения; Опыт работы с Kafka, Postgresql; Будет плюсом опыт работы backend разработчиком.  Условия:  Удалённо, Офис или Гибрид в Москве в БЦ класса В+ в 1 минуте от метро Октябрьская; Оформление в соответствии с ТК РФ, премии по результатам работы; ДМС со стоматологией; Работа в международной распределенной команде профессионалов; Свобода действий — возможность привносить новые идеи; Возможность карьерного и профессионального роста на международном уровне, индивидуальный подход к росту каждой личности. ",,
97585645,"Senior Data Scientist, Remote",2024-05-10T08:42:20+0300,https://hh.ru/vacancy/97585645,Открытая,Fundraise Up,,Москва,Более 6 лет,"['SQL', 'Анализ данных', 'A/B тесты', 'LTV prediction', 'RecSys', 'Ulift modeling', 'Churn prediction']",Удаленная работа,Полная занятость,"Мы делаем фандрайзинговую платформу Fundraise Up. Это самый удобный и быстрый способ пожертвовать деньги в пользу некоммерческого фонда. Мы изобретаем способы ускорить загрузку, увеличить конверсию, принять оплату разными способами и т.д. Каждый месяц люди со всего мира донатят десятки миллионов долларов через нашу платформу. Крупнейшие некоммерческие организации мира используют наше решение чтобы собирать деньги. Например, UNICEF, самый известный международный фонд ООН, делает весь онлайн-фандрайзинг на нашей платформе. Аналогично поступают Барак Обама, Ассоциация изучения Альцгеймера и многие другие. Наш рейтинг на самой популярной платформе для отзывов — 4.9 из 5. Мы работаем в энтерпрайз-сегменте. Наши клиенты находятся по всему миру, но основная концентрация приходится на США, Канаду, Великобританию и Австралию. Продукт Продукт, который мы делаем — большой и сложный. Он состоит из нескольких частей: чекаут и виджеты (каждый из них, это небольшое SPA), порталы для донора, организации и партнеров, админка и еще несколько приложений. Команда В компании работает 180 человек. В офисе в Нью-Йорке маркетинг, продажи, онбординг и саппорт. Удаленно мы принимаем продуктовые решения, делаем дизайн и разработку. Продуктовая команда маленькая и в этом кайф — у нас нет «незначительных» задач. Все что мы делаем — важно. Команда сильная и в этом отдельный кайф — всегда интересно быть в окружении крутых людей, которые делятся опытом. Кого ищем  Есть опыт решения задач в одной и более областей из:   RecSys; Ulift modeling; Churn prediction; LTV prediction; Forecasting.   Умение проводить A/B тестирование моделей в production;  Владение MLOps инструментами для сервинга и мониторинга моделей;   Хорошее знание SQL;   Уровень английского языка не ниже Intermediate.   Супер-важно уметь соблюдать все виды договоренностей. Пара важных вещей  Позиция предполагает релокацию из РФ и РБ. При желании вы можете воспользоваться нашей программой релокации, которая распространяется на Европу, Сербию и Грузию. Мы работаем удаленно, но с 9 до 18 часов по CET. В это время мы интенсивно созваниваемся и много обсуждаем.  Формальный список того, что нужно делать   Полный цикл обработки данных (EDA, сбор и очистка данных, feature engineering и т.д.),   Решение задач регрессии, кластеризации, классификации,   Разработка и реализация моделей машинного обучения,   Доведение моделей до Production.   Зачем мы вам  Мы строим сильную команду людей с горящими глазами. У каждого свой опыт, которым он охотно делится. У нас нет ветвистой иерархии, все люди доступны на расстоянии zoom-звонка. В компании открыта почти вся финансовая статистика, мы регулярно рассказываем как устроен продукт, продажи, саппорт, откуда появляются клиенты и деньги, что интересного случилось и т.д. Мы верим в долгие отношения и выдаем разработчикам сток-опции. Компания хорошо растет — только за прошлый год мы вырастили метрики в два раза.  Бонусы Нам важно чтобы работая удаленно, вы чувствовали себя комфортно. Обычно мы отправляем сотрудникам Macbook и нужное число мониторов. Если ваше рабочее место не обустроено, то пришлем стол, удобное кресло и все что нужно для продуктивной работы.Полностью оплачиваем необходимое ПО, книги и коворкинг, если не хотите работать из дома. Помогаем с оплатой спортзала и бассейна, курсов английского и любого профильного образования.Раз в год собираемся всей командой в оффлайне. В 2021 мы арендовали огромную виллу на Кипре, в 2022 встречались в отеле под Тбилиси, а в 2023 устроили недельный выезд на 60 человек на курорт в Турции. В следующем году будет что-то новое :-) Дополнительные инструкции Напишите в отклике пару слов о своем опыте и о том, чем вас привлекла вакансия.  ",,
